{
    "task_index": {
        "min": [
            0
        ],
        "max": [
            0
        ],
        "mean": [
            0.0
        ],
        "std": [
            0.0
        ],
        "count": [
            1000
        ],
        "q01": [
            3.9999999999994176e-16
        ],
        "q10": [
            3.999999999999417e-15
        ],
        "q50": [
            1.9999999999997088e-14
        ],
        "q90": [
            3.5999999999994766e-14
        ],
        "q99": [
            3.9599999999994235e-14
        ]
    },
    "frame_index": {
        "min": [
            0
        ],
        "max": [
            199
        ],
        "mean": [
            99.5
        ],
        "std": [
            57.73430522661548
        ],
        "count": [
            1000
        ],
        "q01": [
            1.0347999999010402
        ],
        "q10": [
            19.024399999919122
        ],
        "q50": [
            99.0223999999995
        ],
        "q90": [
            179.0204000000799
        ],
        "q99": [
            197.01000000009802
        ]
    },
    "cam_high": {
        "min": [
            [
                [
                    0.0
                ]
            ],
            [
                [
                    0.0
                ]
            ],
            [
                [
                    0.0
                ]
            ]
        ],
        "max": [
            [
                [
                    1.0
                ]
            ],
            [
                [
                    0.9294117647058824
                ]
            ],
            [
                [
                    0.9019607843137255
                ]
            ]
        ],
        "mean": [
            [
                [
                    0.3985294950980392
                ]
            ],
            [
                [
                    0.38797757516339865
                ]
            ],
            [
                [
                    0.43035563453159037
                ]
            ]
        ],
        "std": [
            [
                [
                    0.03251200880523185
                ]
            ],
            [
                [
                    0.007787433625849482
                ]
            ],
            [
                [
                    0.02552926559258953
                ]
            ]
        ],
        "count": [
            500
        ],
        "q01": [
            [
                [
                    0.009410266985849697
                ]
            ],
            [
                [
                    0.01637673311059146
                ]
            ],
            [
                [
                    0.031317586917081267
                ]
            ]
        ],
        "q10": [
            [
                [
                    0.04156336048031809
                ]
            ],
            [
                [
                    0.04940983425376585
                ]
            ],
            [
                [
                    0.07373002059356268
                ]
            ]
        ],
        "q50": [
            [
                [
                    0.30356077818719357
                ]
            ],
            [
                [
                    0.29880606231549695
                ]
            ],
            [
                [
                    0.36703990274282766
                ]
            ]
        ],
        "q90": [
            [
                [
                    0.8062741207199178
                ]
            ],
            [
                [
                    0.7968448068462433
                ]
            ],
            [
                [
                    0.8015525180088414
                ]
            ]
        ],
        "q99": [
            [
                [
                    0.9106135503054051
                ]
            ],
            [
                [
                    0.8541084413614853
                ]
            ],
            [
                [
                    0.8462733937156217
                ]
            ]
        ]
    },
    "observation.state": {
        "min": [
            -0.6000045537948608,
            0.9647369980812073,
            -1.199783205986023,
            -0.15934430062770844,
            0.5708353519439697,
            -0.09621219336986542,
            0.9999939203262329,
            0.23389677703380585,
            0.9577004909515381,
            -2.4802279472351074,
            -0.6022202372550964,
            -0.3639858663082123,
            -1.3255220651626587,
            0.5736659169197083
        ],
        "max": [
            -0.20982179045677185,
            1.0058447122573853,
            -1.1496601104736328,
            0.0951765850186348,
            0.6045608520507812,
            0.16208483278751373,
            1.0005700588226318,
            0.7359699010848999,
            2.3201870918273926,
            -0.7884759306907654,
            0.48161184787750244,
            0.6688546538352966,
            0.6330729722976685,
            1.0005741119384766
        ],
        "mean": [
            -0.5636306285858155,
            0.9986380219459534,
            -1.1960057258605956,
            -0.003527960181236267,
            0.5808733344078064,
            0.003535684058442712,
            1.0000562429428101,
            0.4270786583423615,
            1.7760903120040894,
            -1.4908808469772339,
            -0.2046621173620224,
            0.13482133001089097,
            0.049182109907269476,
            0.7900478839874268
        ],
        "std": [
            0.08934397307505688,
            0.0058743413551314225,
            0.009364926265463864,
            0.02875297774085957,
            0.004510281665015711,
            0.02915827979987213,
            4.393246457916828e-06,
            0.1218367220094254,
            0.38061580817146057,
            0.48136203965570495,
            0.2511771168067263,
            0.33827448257280834,
            0.374234231461447,
            0.20750412140135052
        ],
        "count": [
            1000
        ],
        "q01": [
            -0.6000045538948608,
            0.9854510744680408,
            -1.199783206086023,
            -0.056976502831905605,
            0.5769098658301843,
            -0.02697192680567574,
            0.9999993490346963,
            0.29720800527350194,
            0.9797500210716134,
            -2.1308526278542113,
            -0.5168572844074798,
            -0.34135901937948,
            -0.9727047743686177,
            0.5768780111266542
        ],
        "q10": [
            -0.6000045538948608,
            0.990419417011293,
            -1.199783206086023,
            -0.03791946047606978,
            0.577957417014659,
            -0.01785618054333617,
            1.0000016381650705,
            0.32350082427367455,
            1.102337663110997,
            -2.1308526278542113,
            -0.5111839843862328,
            -0.3006431216638455,
            -0.5113111353376598,
            0.5779861529786031
        ],
        "q50": [
            -0.6000045538948608,
            1.0000914537308014,
            -1.199783206086023,
            -3.4329247647301886e-05,
            0.5800087648826312,
            -3.3543904477842523e-06,
            1.0000017170745856,
            0.4056306650608562,
            1.8865134707483626,
            -1.3735003626615783,
            -0.23256055956244115,
            0.14501233489323762,
            0.11152741335114427,
            0.8102437481529672
        ],